cliente_id,nombre,apellido,email,telefono,fecha_registro,ciudad,pais
201,Jose Mari,Rico,j_rico@hotmail.com,+54-932868828,2022-06-01,Buenos Aires,Argentina
202,Selena,Llanos,s_llanos@gmail.com,+56-979254563,2024-08-23,Santiago,Chile
203,Flavio,Solera,f_solera@gmail.com,+598-929345092,2022-07-09,Montevideo,Uruguay
204,Jose Mari,Casanova,j_casanova@gmail.com,+593-975329037,2022-02-21,Manta,Ecuador
205,Glauco,Cuervo,g_cuervo@outlook.com,+593-960291817,2023-01-12,Ambato,Ecuador
206,Patricio,Sanchez,p_sanchez@yahoo.es,+598-945667651,2023-01-11,Salto,Uruguay
207,Sonia,Marques,s_marques@hotmail.com,+56-913718431,2020-12-13,Valparaiso,Chile
208,Rico,Cespedes,r_cespedes@hotmail.com,+595-946164955,2022-11-17,Asuncion,Paraguay
209,Gabriela,Sanchez,g_sanchez@gmail.com,+598-950806024,2020-10-17,Maldonado,Uruguay
210,Plinio,Escudero,p_escudero@hotmail.com,+593-977490893,2022-01-25,Cuenca,Ecuador
211,Tamara,Verdugo,t_verdugo@outlook.com,+54-938840994,2020-10-21,Buenos Aires,Argentina
212,Tere,Canas,t_canas@yahoo.es,+57-937308985,2024-12-30,Bogota,Colombia
213,Casemiro,Gallart,c_gallart@hotmail.com,+52-947683626,2022-04-06,Guadalajara,Mexico
214,Valeria,Crespo,v_crespo@outlook.com,+51-971691040,2022-08-28,Lima,Peru
215,Fito,Gomez,f_gomez@yahoo.es,+56-936231783,2022-05-17,Antofagasta,Chile
216,Jose Antonio,Sastre,j_sastre@outlook.com,+52-904308421,2023-06-14,Ciudad de Mexico,Mexico
217,Ofelia,Manrique,o_manrique@gmail.com,+595-928317637,2023-06-10,Ciudad del Este,Paraguay
218,Aroa,Marti,a_marti@yahoo.es,+57-986282117,2025-01-21,Barranquilla,Colombia
219,Omar,Bernad,o_bernad@outlook.com,+56-933101783,2022-11-10,Concepcion,Chile
220,Paulina,Zaragoza,p_zaragoza@yahoo.es,+58-948586340,2022-05-16,Barquisimeto,Venezuela
221,Eutropio,Tomas,e_tomas@yahoo.es,+56-912201654,2020-06-09,La Serena,Chile
222,Blanca,Jover,b_jover@outlook.com,+54-991332642,2024-08-24,Cordoba,Argentina
223,Fernando,Rossello,f_rossello@yahoo.es,+58-951220073,2025-02-28,Caracas,Venezuela
224,Dominga,Riquelme,d_riquelme@gmail.com,+593-991306093,2021-03-13,Cuenca,Ecuador
225,Regina,Nadal,r_nadal@hotmail.com,+593-914972279,2023-03-16,Cuenca,Ecuador
226,Maxi,Ferran,m_ferran@yahoo.es,+595-900435578,2022-11-12,Encarnacion,Paraguay
227,Olegario,Luque,o_luque@gmail.com,+593-983926371,2023-04-05,Guayaquil,Ecuador
228,Claudio,Rios,c_rios@outlook.com,+593-920513739,2024-02-08,Manta,Ecuador
229,Samu,Carreras,s_carreras@gmail.com,+56-980388981,2023-07-19,La Serena,Chile
230,Maria Del Carmen,Aroca,m_aroca@gmail.com,+591-948718453,2023-05-12,La Paz,Bolivia
231,Plinio,Villa,p_villa@outlook.com,+57-976149359,2020-10-17,Bogota,Colombia
232,Jeronimo,Leal,j_leal@gmail.com,+54-971498611,2021-04-28,Mendoza,Argentina
233,Regina,Lucas,r_lucas@outlook.com,+56-935575298,2024-08-28,Antofagasta,Chile
234,Francisco,Domenech,f_domenech@outlook.com,+57-995690391,2023-05-29,Cartagena,Colombia
235,Yaiza,Sola,y_sola@yahoo.es,+595-969467853,2024-12-22,Ciudad del Este,Paraguay
236,Adan,Arce,a_arce@outlook.com,+54-908593410,2023-09-14,Cordoba,Argentina
237,Petrona,Rojas,p_rojas@outlook.com,+598-978979095,2022-05-20,Paysandu,Uruguay
238,Geraldo,Caceres,g_caceres@gmail.com,+598-930728046,2020-09-01,Montevideo,Uruguay
239,Saturnina,Cortes,s_cortes@gmail.com,+598-969008866,2022-07-31,Punta del Este,Uruguay
240,Imelda,Beltran,i_beltran@outlook.com,+51-972374753,2021-05-24,Trujillo,Peru
241,Cebrian,Aragon,c_aragon@yahoo.es,+58-932614537,2025-03-20,Merida,Venezuela
242,Consuela,Guerra,c_guerra@gmail.com,+595-913009833,2024-09-29,Encarnacion,Paraguay
243,Vera,Simo,v_simo@yahoo.es,+52-962682989,2020-07-08,Puebla,Mexico
244,Anselmo,Ballesteros,a_ballesteros@yahoo.es,+54-997739173,2023-09-19,Buenos Aires,Argentina
245,Lalo,Arnaiz,l_arnaiz@outlook.com,+54-925529407,2024-12-10,Cordoba,Argentina
246,Armida,Checa,a_checa@outlook.com,+56-937385696,2025-02-05,Antofagasta,Chile
247,Maria Angeles,Melero,m_melero@yahoo.es,+57-973863413,2021-01-04,Bogota,Colombia
248,Florina,Nunez,f_nunez@gmail.com,+598-912517517,2022-07-25,Paysandu,Uruguay
249,Isabela,Caballero,i_caballero@yahoo.es,+56-964606833,2022-04-23,Antofagasta,Chile
250,Luis Miguel,Clemente,l_clemente@outlook.com,+595-950864911,2019-12-08,Asuncion,Paraguay
251,Fortunato,Acedo,f_acedo@yahoo.es,+595-938285503,2024-08-27,Ciudad del Este,Paraguay
252,Segismundo,Barragan,s_barragan@outlook.com,+593-925487660,2023-03-29,Ambato,Ecuador
253,Javi,Galan,j_galan@gmail.com,+57-942091325,2020-07-21,Bogota,Colombia
254,Ambar,Calderon,a_calderon@yahoo.es,+598-967491435,2021-09-04,Paysandu,Uruguay
255,Roxana,Pallares,r_pallares@gmail.com,+598-924941004,2020-09-05,Paysandu,Uruguay
256,Azeneth,Santamaria,a_santamaria@outlook.com,+58-954193837,2021-04-04,Caracas,Venezuela
257,Concepcion,Merino,c_merino@gmail.com,+58-983131979,2020-10-30,Maracaibo,Venezuela
258,Dorotea,Piquer,d_piquer@hotmail.com,+595-934999379,2022-03-15,San Lorenzo,Paraguay
259,Fabricio,Hernando,f_hernando@hotmail.com,+52-953121477,2021-05-19,Guadalajara,Mexico
260,Fidela,Mugica,f_mugica@hotmail.com,+51-909736572,2020-01-07,Trujillo,Peru
261,Damian,Lumbreras,d_lumbreras@gmail.com,+591-909832887,2022-04-21,Tarija,Bolivia
262,Cintia,Piquer,c_piquer@outlook.com,+593-946843172,2020-09-06,Cuenca,Ecuador
263,Remedios,Maldonado,r_maldonado@hotmail.com,+57-921172421,2024-10-28,Cali,Colombia
264,Eusebia,Aller,e_aller@gmail.com,+593-989639081,2023-04-09,Cuenca,Ecuador
265,Tomasa,Trujillo,t_trujillo@hotmail.com,+54-915492573,2021-02-10,Cordoba,Argentina
266,Rodolfo,Olive,r_olive@hotmail.com,+593-937816686,2022-04-10,Guayaquil,Ecuador
267,Ruben,Mesa,r_mesa@hotmail.com,+52-967834855,2025-05-23,Guadalajara,Mexico
268,Ariadna,Guillen,a_guillen@gmail.com,+51-985132217,2024-08-29,Lima,Peru
269,Tiburcio,Baeza,t_baeza@gmail.com,+51-944769200,2021-05-18,Lima,Peru
270,Cristian,Figueroa,c_figueroa@yahoo.es,+51-974045292,2024-09-15,Arequipa,Peru
271,Merche,Calderon,m_calderon@gmail.com,+593-910099059,2021-08-01,Quito,Ecuador
272,Felisa,Nogues,f_nogues@hotmail.com,+593-978183110,2021-07-28,Quito,Ecuador
273,Joel,Mendoza,j_mendoza@gmail.com,+595-941373735,2024-01-01,Encarnacion,Paraguay
274,Gaspar,Parra,g_parra@outlook.com,+598-991545441,2022-09-17,Punta del Este,Uruguay
275,Hugo,Barcena,h_barcena@yahoo.es,+54-983303777,2021-08-24,Rosario,Argentina
276,Eliana,Benito,e_benito@outlook.com,+57-955337219,2020-03-10,Medellin,Colombia
277,Lilia,Almazan,l_almazan@yahoo.es,+56-989913412,2022-09-11,Concepcion,Chile
278,Martin,Aller,m_aller@gmail.com,+51-951343880,2020-05-06,Arequipa,Peru
279,Federico,Bonet,f_bonet@outlook.com,+591-961780854,2023-11-01,Cochabamba,Bolivia
280,Reyes,Isern,r_isern@outlook.com,+51-903176186,2022-01-29,Arequipa,Peru
281,Samanta,Ferrera,s_ferrera@hotmail.com,+595-909317495,2023-01-16,Ciudad del Este,Paraguay
282,Sergio,Roman,s_roman@yahoo.es,+52-991203377,2023-08-17,Cancun,Mexico
283,Julio,Ariza,j_ariza@hotmail.com,+598-923966966,2022-11-21,Montevideo,Uruguay
284,Evangelina,Robles,e_robles@yahoo.es,+598-946397338,2023-06-06,Montevideo,Uruguay
285,Aitana,Checa,a_checa@gmail.com,+595-951700055,2022-01-16,San Lorenzo,Paraguay
286,Eli,Manuel,e_manuel@yahoo.es,+51-900226999,2025-09-28,Lima,Peru
287,Carmelo,Pascual,c_pascual@hotmail.com,+593-957887757,2020-09-11,Guayaquil,Ecuador
288,Ildefonso,Romero,i_romero@hotmail.com,+52-989038359,2021-04-23,Cancun,Mexico
289,Narcisa,Oliver,n_oliver@hotmail.com,+51-989508850,2024-06-28,Piura,Peru
290,Noemi,Bayo,n_bayo@hotmail.com,+52-974411983,2021-05-04,Puebla,Mexico
291,Rebeca,Caceres,r_caceres@yahoo.es,+57-990908075,2021-11-11,Barranquilla,Colombia
292,Benita,Gual,b_gual@hotmail.com,+58-954502486,2019-12-01,Merida,Venezuela
293,Francisco Javier,Frutos,f_frutos@outlook.com,+51-957698610,2023-07-11,Cusco,Peru
294,Adelia,Marin,a_marin@yahoo.es,+591-990681152,2022-04-23,Sucre,Bolivia
295,Isaias,Zamorano,i_zamorano@outlook.com,+593-988429450,2020-11-11,Ambato,Ecuador
296,Lucio,Frias,l_frias@hotmail.com,+51-912534217,2022-07-19,Piura,Peru
297,Ciro,Sala,c_sala@outlook.com,+51-919777514,2020-03-09,Arequipa,Peru
298,Atilio,Lobato,a_lobato@yahoo.es,+598-982043803,2020-09-23,Salto,Uruguay
299,Raul,Vargas,r_vargas@outlook.com,+591-996414756,2024-03-20,Sucre,Bolivia
300,Amador,Sanmartin,a_sanmartin@outlook.com,+591-919806690,2019-12-22,Sucre,Bolivia
301,Aranzazu,Anguita,a_anguita@outlook.com,+54-923607110,2025-09-20,Mendoza,Argentina
302,Tono,Jove,t_jove@outlook.com,+591-916288475,2025-01-11,La Paz,Bolivia
303,Jaime,Revilla,j_revilla@hotmail.com,+56-959401199,2025-07-28,Antofagasta,Chile
304,Francisca,Espada,f_espada@yahoo.es,+595-921361812,2025-03-27,San Lorenzo,Paraguay
305,Angelino,Arribas,a_arribas@outlook.com,+591-985585469,2023-01-08,Santa Cruz,Bolivia
306,Febe,Jorda,f_jorda@outlook.com,+593-936855845,2024-11-04,Ambato,Ecuador
307,Jose Luis,Guerrero,j_guerrero@outlook.com,+54-936468984,2023-09-05,Rosario,Argentina
308,Roberta,Galiano,r_galiano@gmail.com,+52-918572252,2021-08-08,Cancun,Mexico
309,Norberto,Lloret,n_lloret@outlook.com,+57-994813972,2022-04-24,Barranquilla,Colombia
310,Ariadna,Bermejo,a_bermejo@yahoo.es,+54-944410148,2025-02-19,Mendoza,Argentina
311,Salomon,Alcazar,s_alcazar@outlook.com,+595-956390708,2024-04-12,Asuncion,Paraguay
312,Alondra,Ramirez,a_ramirez@yahoo.es,+58-964019136,2019-12-24,Caracas,Venezuela
313,Federico,Taboada,f_taboada@yahoo.es,+52-956240084,2022-05-21,Monterrey,Mexico
314,Apolonia,Aliaga,a_aliaga@hotmail.com,+591-958496914,2025-05-11,Cochabamba,Bolivia
315,Bernardita,Sarmiento,b_sarmiento@hotmail.com,+598-989774697,2024-06-12,Maldonado,Uruguay
316,Basilio,Moya,b_moya@outlook.com,+56-983517915,2020-03-19,Antofagasta,Chile
317,Raimundo,Quiroga,r_quiroga@gmail.com,+595-911267237,2024-09-19,San Lorenzo,Paraguay
318,Luis Angel,Riera,l_riera@outlook.com,+56-906749089,2022-10-30,Antofagasta,Chile
319,Fatima,Sanchez,f_sanchez@outlook.com,+595-961028710,2023-07-30,Ciudad del Este,Paraguay
320,Demetrio,Reina,d_reina@hotmail.com,+52-956581473,2022-09-28,Puebla,Mexico
321,Noelia,Gomis,n_gomis@gmail.com,+54-972399599,2020-06-30,Mendoza,Argentina
322,Dario,Amigo,d_amigo@gmail.com,+52-987477029,2020-05-12,Guadalajara,Mexico
323,Nuria,Borras,n_borras@outlook.com,+598-902735359,2021-08-15,Salto,Uruguay
324,Gabriel,Vicente,g_vicente@yahoo.es,+57-989853245,2021-03-12,Medellin,Colombia
325,Veronica,Pacheco,v_pacheco@yahoo.es,+58-993880599,2022-10-14,Maracaibo,Venezuela
326,Ciriaco,Martinez,c_martinez@gmail.com,+52-921980274,2023-05-27,Guadalajara,Mexico
327,Manuela,Pedrosa,m_pedrosa@gmail.com,+54-941870192,2024-02-14,La Plata,Argentina
328,Aroa,Roldan,a_roldan@gmail.com,+595-979470029,2022-08-20,Encarnacion,Paraguay
329,Mirta,Barragan,m_barragan@gmail.com,+54-975958181,2020-05-16,Rosario,Argentina
330,Miguel,Tomas,m_tomas@yahoo.es,+52-988787891,2024-01-25,Cancun,Mexico
331,Paz,Mena,p_mena@hotmail.com,+54-901698142,2024-08-15,La Plata,Argentina
332,Jeremias,Aroca,j_aroca@yahoo.es,+591-948612055,2025-01-25,La Paz,Bolivia
333,Eleuterio,Sans,e_sans@outlook.com,+56-998488338,2022-12-10,Antofagasta,Chile
334,Leandro,Zorrilla,l_zorrilla@yahoo.es,+58-962394301,2024-10-18,Merida,Venezuela
335,Teofilo,Olmo,t_olmo@hotmail.com,+58-932949803,2020-11-18,Valencia,Venezuela
336,Visitacion,Giner,v_giner@outlook.com,+51-962372114,2024-02-29,Trujillo,Peru
337,Quique,Tudela,q_tudela@yahoo.es,+52-943622663,2021-12-13,Ciudad de Mexico,Mexico
338,Pancho,Riquelme,p_riquelme@hotmail.com,+591-934675473,2023-09-24,Cochabamba,Bolivia
339,Clotilde,Parejo,c_parejo@hotmail.com,+51-974597009,2020-01-10,Piura,Peru
340,Juan Bautista,Borras,j_borras@gmail.com,+593-932394260,2024-06-20,Guayaquil,Ecuador
341,Corona,Calzada,c_calzada@outlook.com,+591-992692016,2025-04-02,Tarija,Bolivia
342,Carmelo,Riquelme,c_riquelme@gmail.com,+591-912489409,2023-03-19,Sucre,Bolivia
343,Alma,Quero,a_quero@outlook.com,+57-941098277,2024-01-19,Barranquilla,Colombia
344,Faustino,Gamez,f_gamez@hotmail.com,+591-957110154,2023-08-15,Tarija,Bolivia
345,Domitila,Mateos,d_mateos@hotmail.com,+52-941154241,2022-09-24,Puebla,Mexico
346,Flor,Gras,f_gras@outlook.com,+57-942352128,2021-04-02,Bogota,Colombia
347,Severiano,Cid,s_cid@outlook.com,+593-929042654,2025-05-05,Guayaquil,Ecuador
348,Cleto,Rebollo,c_rebollo@hotmail.com,+51-913492385,2022-02-02,Piura,Peru
349,Sandalio,Cid,s_cid@hotmail.com,+51-924084236,2023-04-21,Arequipa,Peru
350,Tere,Coll,t_coll@outlook.com,+598-936817443,2020-06-03,Paysandu,Uruguay
351,Marcos,Fuster,m_fuster@hotmail.com,+598-993605777,2021-04-30,Paysandu,Uruguay
352,Jose Luis,Torrents,j_torrents@gmail.com,+591-977049595,2023-02-06,La Paz,Bolivia
353,Nydia,Quiros,n_quiros@yahoo.es,+591-945728776,2021-12-24,Sucre,Bolivia
354,Abigail,Jodar,a_jodar@yahoo.es,+598-915312516,2020-08-23,Punta del Este,Uruguay
355,Benito,Lledo,b_lledo@gmail.com,+595-977446468,2020-07-06,Luque,Paraguay
356,Estrella,Rio,e_rio@hotmail.com,+56-911432787,2022-09-11,Valparaiso,Chile
357,Judith,Anton,j_anton@yahoo.es,+54-981378577,2022-06-11,La Plata,Argentina
358,Miguel,Segovia,m_segovia@yahoo.es,+593-959421007,2023-03-31,Ambato,Ecuador
359,Segismundo,Cabanillas,s_cabanillas@hotmail.com,+58-976320155,2020-08-02,Barquisimeto,Venezuela
360,Ivan,Fernandez,i_fernandez@outlook.com,+58-983955206,2022-04-12,Caracas,Venezuela
361,Oscar,Ballester,o_ballester@outlook.com,+51-932194159,2021-11-10,Lima,Peru
362,Alejandra,Segura,a_segura@outlook.com,+593-900359129,2024-06-29,Quito,Ecuador
363,Tania,Ochoa,t_ochoa@yahoo.es,+591-939092160,2020-04-11,Tarija,Bolivia
364,Jose Angel,Pelayo,j_pelayo@hotmail.com,+57-994353392,2025-01-01,Cali,Colombia
365,Reinaldo,Santana,r_santana@hotmail.com,+54-983893865,2022-02-17,Cordoba,Argentina
366,Julio,Alonso,j_alonso@outlook.com,+595-986924061,2021-08-01,Asuncion,Paraguay
367,Godofredo,Portillo,g_portillo@gmail.com,+51-908004482,2021-10-09,Arequipa,Peru
368,Gervasio,Figueras,g_figueras@hotmail.com,+51-958942178,2021-04-22,Piura,Peru
369,Climaco,Angel,c_angel@yahoo.es,+591-936540265,2025-07-10,Santa Cruz,Bolivia
370,Alexandra,Canton,a_canton@yahoo.es,+593-910796722,2020-05-11,Ambato,Ecuador
371,Bienvenida,Valdes,b_valdes@hotmail.com,+595-903471527,2020-12-08,Ciudad del Este,Paraguay
372,Candelaria,Gonzalez,c_gonzalez@gmail.com,+57-990232106,2022-12-07,Cartagena,Colombia
373,Saturnina,Colomer,s_colomer@outlook.com,+58-963149551,2025-09-24,Caracas,Venezuela
374,Claudio,Mateu,c_mateu@outlook.com,+591-978561612,2024-10-19,Santa Cruz,Bolivia
375,Custodia,Bayon,c_bayon@yahoo.es,+591-946702542,2024-06-28,La Paz,Bolivia
376,Adolfo,Tomas,a_tomas@gmail.com,+52-921585546,2023-08-11,Monterrey,Mexico
377,Miguela,Segarra,m_segarra@hotmail.com,+595-988930456,2024-05-27,Luque,Paraguay
378,Clarisa,Baena,c_baena@yahoo.es,+593-911819185,2023-06-10,Quito,Ecuador
379,Natalio,Salmeron,n_salmeron@gmail.com,+51-954247457,2025-09-06,Cusco,Peru
380,Elpidio,Rosello,e_rosello@yahoo.es,+598-955465150,2020-07-09,Paysandu,Uruguay
381,Maite,Benito,m_benito@hotmail.com,+57-983568503,2025-07-02,Cartagena,Colombia
382,Juan Manuel,Calderon,j_calderon@outlook.com,+591-935843681,2021-05-19,La Paz,Bolivia
383,Nayara,Rosado,n_rosado@yahoo.es,+51-916297533,2020-03-27,Trujillo,Peru
384,Natalia,Ibanez,n_ibanez@outlook.com,+58-941708177,2020-01-25,Maracaibo,Venezuela
385,Americo,Alfonso,a_alfonso@gmail.com,+593-930158811,2021-03-08,Ambato,Ecuador
386,Gabriel,Hierro,g_hierro@outlook.com,+591-966890827,2023-03-09,La Paz,Bolivia
387,Fortunato,Laguna,f_laguna@yahoo.es,+593-964759996,2025-03-17,Cuenca,Ecuador
388,Dorita,Jimenez,d_jimenez@outlook.com,+57-951484043,2022-01-18,Barranquilla,Colombia
389,Angelina,Briones,a_briones@outlook.com,+58-909369750,2023-01-04,Merida,Venezuela
390,Rosendo,Velazquez,r_velazquez@hotmail.com,+595-900344303,2023-01-31,Ciudad del Este,Paraguay
391,Isidora,Fabregas,i_fabregas@yahoo.es,+51-919944139,2024-12-02,Piura,Peru
392,Reyna,Alfaro,r_alfaro@hotmail.com,+593-944619335,2024-02-22,Ambato,Ecuador
393,Maria Del Carmen,Gomila,m_gomila@outlook.com,+591-993616654,2022-08-04,Santa Cruz,Bolivia
394,Chita,Pera,c_pera@outlook.com,+58-955133300,2020-05-26,Barquisimeto,Venezuela
395,Xiomara,Santos,x_santos@yahoo.es,+52-951818612,2021-08-14,Puebla,Mexico
396,Ruth,Luque,r_luque@outlook.com,+591-967416376,2023-08-20,La Paz,Bolivia
397,Marcelino,Barrena,m_barrena@gmail.com,+54-970591959,2025-01-13,Mendoza,Argentina
398,Carmen,Ferrero,c_ferrero@yahoo.es,+598-987883261,2021-08-23,Salto,Uruguay
399,Jimena,Ricart,j_ricart@hotmail.com,+54-945440919,2024-05-15,Mendoza,Argentina
400,Nayara,Blanca,n_blanca@yahoo.es,+54-942501540,2025-05-20,Rosario,Argentina
401,Manu,Quevedo,m_quevedo@gmail.com,+593-931510328,2023-02-19,Quito,Ecuador
402,Violeta,Perez,v_perez@yahoo.es,+57-913212812,2021-01-14,Bogota,Colombia
403,Hector,Maza,h_maza@hotmail.com,+591-903885234,2020-06-05,Cochabamba,Bolivia
404,Marcelino,Reguera,m_reguera@hotmail.com,+52-948112135,2024-02-12,Ciudad de Mexico,Mexico
405,Antonia,Diego,a_diego@outlook.com,+595-971291936,2024-07-13,Encarnacion,Paraguay
406,Lazaro,Botella,l_botella@outlook.com,+58-923497411,2020-10-18,Maracaibo,Venezuela
407,Lisandro,Montserrat,l_montserrat@outlook.com,+58-966795767,2021-07-08,Barquisimeto,Venezuela
408,Moreno,Manjon,m_manjon@hotmail.com,+57-961682508,2022-10-10,Barranquilla,Colombia
409,Elias,Raya,e_raya@hotmail.com,+598-990947393,2021-09-07,Maldonado,Uruguay
410,Jose,Iriarte,j_iriarte@hotmail.com,+54-978862539,2023-04-08,Mendoza,Argentina
411,Ariadna,Nogueira,a_nogueira@yahoo.es,+595-940550084,2022-02-22,Ciudad del Este,Paraguay
412,Obdulia,Perez,o_perez@gmail.com,+595-931837210,2024-03-10,Luque,Paraguay
413,Sancho,Sanchez,s_sanchez@hotmail.com,+58-993855649,2023-03-23,Valencia,Venezuela
414,Mercedes,Benitez,m_benitez@hotmail.com,+598-901086890,2020-06-17,Maldonado,Uruguay
415,Rafaela,Pedrero,r_pedrero@hotmail.com,+58-930885967,2023-11-12,Barquisimeto,Venezuela
416,Juan,Ibanez,j_ibanez@hotmail.com,+57-990968005,2021-06-12,Medellin,Colombia
417,Goyo,Escobar,g_escobar@hotmail.com,+54-959166287,2020-04-14,Buenos Aires,Argentina
418,Eufemia,Peinado,e_peinado@outlook.com,+58-912097496,2023-03-22,Valencia,Venezuela
419,Edu,Bellido,e_bellido@outlook.com,+52-926950221,2021-05-24,Puebla,Mexico
420,Manuelita,Pineiro,m_pineiro@hotmail.com,+593-922084778,2022-10-17,Cuenca,Ecuador
421,Marcio,Tejero,m_tejero@hotmail.com,+591-915457816,2025-03-01,Santa Cruz,Bolivia
422,Apolonia,Palomares,a_palomares@outlook.com,+54-990774633,2024-05-14,Cordoba,Argentina
423,Ariel,Colomer,a_colomer@gmail.com,+593-952958901,2020-01-26,Cuenca,Ecuador
424,Bautista,Cervantes,b_cervantes@gmail.com,+51-961040347,2024-01-17,Piura,Peru
425,Jordi,Zapata,j_zapata@yahoo.es,+51-985704631,2024-01-29,Piura,Peru
426,Evangelina,Barrios,e_barrios@yahoo.es,+54-903358751,2023-08-04,Cordoba,Argentina
427,Josue,Falcon,j_falcon@gmail.com,+58-985282470,2025-02-12,Maracaibo,Venezuela
428,Natalio,Quesada,n_quesada@gmail.com,+51-918760553,2020-06-02,Trujillo,Peru
429,Alexandra,Miro,a_miro@yahoo.es,+598-915585427,2021-01-01,Punta del Este,Uruguay
430,Cayetana,Manzano,c_manzano@outlook.com,+57-952163160,2024-12-31,Cartagena,Colombia
431,Cayetana,Amat,c_amat@yahoo.es,+52-978831486,2021-08-23,Cancun,Mexico
432,Florinda,Pera,f_pera@yahoo.es,+595-982631441,2024-06-27,Asuncion,Paraguay
433,Maura,Verdejo,m_verdejo@hotmail.com,+51-929161443,2024-11-19,Lima,Peru
434,Paz,Vallejo,p_vallejo@hotmail.com,+591-913335151,2024-01-12,Cochabamba,Bolivia
435,Albano,Pascual,a_pascual@gmail.com,+593-953437398,2023-01-03,Cuenca,Ecuador
436,Heliodoro,Oliva,h_oliva@yahoo.es,+57-912304198,2022-04-16,Bogota,Colombia
437,Albina,Galan,a_galan@gmail.com,+58-944762841,2022-08-23,Caracas,Venezuela
438,Curro,Lobato,c_lobato@outlook.com,+56-909208698,2022-03-27,La Serena,Chile
439,Silvio,Salom,s_salom@outlook.com,+58-944098516,2021-07-26,Maracaibo,Venezuela
440,Carlito,Calzada,c_calzada@hotmail.com,+58-919419691,2021-05-15,Caracas,Venezuela
441,Eusebia,Rios,e_rios@outlook.com,+593-914754064,2020-03-14,Cuenca,Ecuador
442,Climaco,Ramon,c_ramon@hotmail.com,+56-931934639,2023-07-18,Santiago,Chile
443,Perlita,Pastor,p_pastor@hotmail.com,+598-907032877,2021-05-02,Salto,Uruguay
444,Aristides,Morales,a_morales@gmail.com,+595-908530615,2025-04-02,San Lorenzo,Paraguay
445,Maite,Olive,m_olive@gmail.com,+591-960667140,2025-07-24,Santa Cruz,Bolivia
446,Encarnita,Baquero,e_baquero@gmail.com,+57-997608902,2023-04-18,Cartagena,Colombia
447,Isaias,Vinas,i_vinas@gmail.com,+591-964287863,2024-06-01,La Paz,Bolivia
448,Anastasia,Villar,a_villar@yahoo.es,+595-995616885,2024-11-19,Asuncion,Paraguay
449,Tatiana,Canet,t_canet@hotmail.com,+54-981644298,2021-07-29,Buenos Aires,Argentina
450,Xavier,Suarez,x_suarez@hotmail.com,+54-983794475,2023-07-23,Cordoba,Argentina
451,Bibiana,Ponce,b_ponce@hotmail.com,+595-960896652,2025-07-31,San Lorenzo,Paraguay
452,Fabricio,Pereira,f_pereira@gmail.com,+58-994191239,2021-03-12,Barquisimeto,Venezuela
453,Delfina,Rebollo,d_rebollo@yahoo.es,+593-960606674,2022-06-22,Guayaquil,Ecuador
454,Anna,Rincon,a_rincon@yahoo.es,+595-953516659,2024-07-29,Ciudad del Este,Paraguay
455,Rosendo,Burgos,r_burgos@yahoo.es,+54-941946203,2022-10-09,Rosario,Argentina
456,Jacinta,Madrigal,j_madrigal@yahoo.es,+52-909010480,2020-12-07,Guadalajara,Mexico
457,Elena,Busquets,e_busquets@yahoo.es,+54-912960658,2024-02-03,Buenos Aires,Argentina
458,Duilio,Bayona,d_bayona@gmail.com,+56-978714010,2023-08-11,La Serena,Chile
459,Emiliana,Portero,e_portero@hotmail.com,+54-989300492,2024-08-27,Mendoza,Argentina
460,Dafne,Hernando,d_hernando@hotmail.com,+598-947197152,2021-01-27,Punta del Este,Uruguay
461,Juan Jose,Carbonell,j_carbonell@outlook.com,+58-920767532,2025-04-27,Merida,Venezuela
462,Simon,Francisco,s_francisco@hotmail.com,+57-974660688,2024-01-13,Bogota,Colombia
463,Amanda,Cisneros,a_cisneros@outlook.com,+54-957594492,2020-03-16,Rosario,Argentina
464,Jose,Donoso,j_donoso@gmail.com,+58-924215035,2022-12-23,Valencia,Venezuela
465,Balduino,Garcia,b_garcia@hotmail.com,+51-900819505,2021-12-12,Cusco,Peru
466,Maria Jose,Jaen,m_jaen@yahoo.es,+56-909339597,2021-07-03,La Serena,Chile
467,Samanta,Campos,s_campos@outlook.com,+598-950491958,2024-08-14,Montevideo,Uruguay
468,Roxana,Vaquero,r_vaquero@outlook.com,+591-949667685,2023-05-29,Santa Cruz,Bolivia
469,Valentina,Tapia,v_tapia@gmail.com,+52-907061037,2021-08-28,Cancun,Mexico
470,Azucena,Munoz,a_munoz@gmail.com,+56-990458549,2020-10-29,La Serena,Chile
471,Valeria,Calderon,v_calderon@yahoo.es,+51-965184410,2024-11-13,Trujillo,Peru
472,Ruben,Valentin,r_valentin@outlook.com,+595-968765957,2021-03-10,Ciudad del Este,Paraguay
473,Anunciacion,Carro,a_carro@gmail.com,+52-938016697,2025-05-15,Puebla,Mexico
474,Manuelita,Bejarano,m_bejarano@gmail.com,+593-929597483,2024-05-05,Cuenca,Ecuador
475,Aureliano,Luis,a_luis@gmail.com,+58-927437207,2023-04-17,Caracas,Venezuela
476,Sofia,Pedrosa,s_pedrosa@hotmail.com,+57-938848936,2023-08-04,Medellin,Colombia
477,Albert,Abril,a_abril@yahoo.es,+54-957801537,2021-11-18,Buenos Aires,Argentina
478,Dorotea,Ramis,d_ramis@outlook.com,+56-967144075,2023-11-19,Antofagasta,Chile
479,Luciano,Campillo,l_campillo@gmail.com,+54-958548403,2020-02-14,Mendoza,Argentina
480,Micaela,Canas,m_canas@hotmail.com,+591-977277086,2024-09-22,La Paz,Bolivia
481,Fanny,Baez,f_baez@yahoo.es,+58-938858073,2021-03-15,Barquisimeto,Venezuela
482,Lupe,Leiva,l_leiva@hotmail.com,+595-923068427,2025-01-26,Asuncion,Paraguay
483,Ileana,Plana,i_plana@yahoo.es,+52-914208709,2022-08-22,Ciudad de Mexico,Mexico
484,Micaela,Marmol,m_marmol@yahoo.es,+595-970325062,2020-10-17,San Lorenzo,Paraguay
485,Josue,Pizarro,j_pizarro@hotmail.com,+595-929738898,2023-08-25,Ciudad del Este,Paraguay
486,Maria Fernanda,Barral,m_barral@gmail.com,+56-971216573,2025-08-18,Santiago,Chile
487,Demetrio,Bartolome,d_bartolome@hotmail.com,+57-997627170,2021-07-26,Cali,Colombia
488,Pascuala,Millan,p_millan@outlook.com,+57-934355473,2022-02-15,Bogota,Colombia
489,Paz,Arranz,p_arranz@outlook.com,+56-987980930,2020-10-03,La Serena,Chile
490,Coral,Cervantes,c_cervantes@yahoo.es,+56-975663295,2024-12-11,Antofagasta,Chile
491,Ruperto,Villalba,r_villalba@hotmail.com,+58-984183695,2023-06-16,Merida,Venezuela
492,Rita,Infante,r_infante@gmail.com,+56-962937522,2024-11-14,Antofagasta,Chile
493,Primitivo,Paz,p_paz@gmail.com,+51-947236885,2025-08-08,Cusco,Peru
494,Pio,Vazquez,p_vazquez@yahoo.es,+54-960654852,2020-05-02,Rosario,Argentina
495,Macaria,Montana,m_montana@hotmail.com,+598-910298660,2020-12-03,Punta del Este,Uruguay
496,Omar,Sanjuan,o_sanjuan@yahoo.es,+58-962104107,2020-05-16,Merida,Venezuela
497,Maria Jesus,Nicolau,m_nicolau@outlook.com,+591-943154591,2025-03-31,Tarija,Bolivia
498,Fernando,Caro,f_caro@gmail.com,+593-960468188,2021-01-26,Guayaquil,Ecuador
499,Casandra,Jove,c_jove@outlook.com,+52-905253567,2022-09-09,Ciudad de Mexico,Mexico
500,Cornelio,Lopez,c_lopez@outlook.com,+591-948841557,2024-02-04,Sucre,Bolivia
501,Virginia,Ramis,v_ramis@yahoo.es,+51-945414869,2020-07-01,Trujillo,Peru
502,Maria Manuela,Fuertes,m_fuertes@hotmail.com,+52-912684373,2024-03-31,Ciudad de Mexico,Mexico
503,Edmundo,Guzman,e_guzman@outlook.com,+51-944743095,2020-10-28,Cusco,Peru
504,Jovita,Jover,j_jover@hotmail.com,+58-941638598,2024-04-22,Maracaibo,Venezuela
505,Felipa,Porcel,f_porcel@gmail.com,+56-941551377,2024-02-19,La Serena,Chile
506,Susanita,Gutierrez,s_gutierrez@gmail.com,+52-986707983,2024-08-29,Guadalajara,Mexico
507,Norberto,Suarez,n_suarez@gmail.com,+593-948667035,2023-05-18,Cuenca,Ecuador
508,Carmelita,Castejon,c_castejon@hotmail.com,+56-965266178,2022-01-24,Valparaiso,Chile
509,Maria Luisa,Balaguer,m_balaguer@outlook.com,+57-910356922,2023-03-25,Medellin,Colombia
510,Emilio,Martin,e_martin@gmail.com,+54-988842638,2023-09-09,La Plata,Argentina
511,Melchor,Ledesma,m_ledesma@yahoo.es,+58-920703455,2021-09-24,Maracaibo,Venezuela
512,Esther,Palomares,e_palomares@outlook.com,+56-996795543,2024-10-26,La Serena,Chile
513,Reinaldo,Ariza,r_ariza@hotmail.com,+598-990779894,2022-07-29,Maldonado,Uruguay
514,Cebrian,Malo,c_malo@hotmail.com,+591-960254091,2022-07-15,Tarija,Bolivia
515,Amada,Marques,a_marques@hotmail.com,+593-962950208,2022-02-01,Guayaquil,Ecuador
516,Pastor,Vera,p_vera@yahoo.es,+52-961965637,2023-01-27,Cancun,Mexico
517,Leonel,Nebot,l_nebot@yahoo.es,+595-921751079,2022-02-24,San Lorenzo,Paraguay
518,Ceferino,Escribano,c_escribano@hotmail.com,+58-907003454,2025-04-20,Maracaibo,Venezuela
519,Augusto,Morante,a_morante@gmail.com,+52-995482622,2025-09-12,Cancun,Mexico
520,Matias,Cabezas,m_cabezas@gmail.com,+54-921516757,2022-12-21,Rosario,Argentina
521,Ligia,Figuerola,l_figuerola@outlook.com,+591-958716573,2020-12-09,Tarija,Bolivia
522,Candela,Pacheco,c_pacheco@hotmail.com,+57-903579612,2024-07-25,Barranquilla,Colombia
523,Daniela,Angulo,d_angulo@hotmail.com,+598-931645597,2024-03-29,Maldonado,Uruguay
524,Vicente,Benavides,v_benavides@outlook.com,+54-903783268,2023-06-27,Rosario,Argentina
525,Raquel,Duenas,r_duenas@outlook.com,+54-918468304,2020-05-04,Rosario,Argentina
526,Epifanio,Pombo,e_pombo@outlook.com,+51-994695462,2025-03-04,Trujillo,Peru
527,Adora,Lledo,a_lledo@gmail.com,+591-910633503,2020-02-15,Tarija,Bolivia
528,Julieta,Iglesia,j_iglesia@outlook.com,+51-973659258,2024-08-28,Arequipa,Peru
529,Azucena,Fuster,a_fuster@outlook.com,+54-940419829,2021-04-12,Rosario,Argentina
530,Galo,Nevado,g_nevado@yahoo.es,+598-985758649,2025-01-14,Salto,Uruguay
531,Lourdes,Exposito,l_exposito@yahoo.es,+54-980092958,2020-02-05,Buenos Aires,Argentina
532,Etelvina,Salva,e_salva@outlook.com,+593-996441387,2021-07-10,Manta,Ecuador
533,Chus,Garrido,c_garrido@gmail.com,+51-982518345,2023-11-14,Trujillo,Peru
534,Jacobo,Dominguez,j_dominguez@yahoo.es,+57-925140847,2020-11-14,Cartagena,Colombia
535,Adelardo,Escriva,a_escriva@gmail.com,+593-970606503,2025-08-08,Cuenca,Ecuador
536,Irene,Leon,i_leon@gmail.com,+593-952405812,2025-03-08,Manta,Ecuador
537,Marcio,Roca,m_roca@hotmail.com,+598-934044361,2020-02-04,Maldonado,Uruguay
538,Venceslas,Anglada,v_anglada@hotmail.com,+52-932363373,2021-01-27,Ciudad de Mexico,Mexico
539,Tomasa,Carlos,t_carlos@outlook.com,+58-905950635,2023-11-12,Valencia,Venezuela
540,Olegario,Canales,o_canales@outlook.com,+593-991896538,2025-02-14,Cuenca,Ecuador
541,Bernardino,Tejero,b_tejero@outlook.com,+591-908469210,2025-01-16,Cochabamba,Bolivia
542,Esther,Mur,e_mur@outlook.com,+598-905879578,2022-02-24,Punta del Este,Uruguay
543,Nidia,Barrios,n_barrios@hotmail.com,+598-969173614,2024-05-18,Punta del Este,Uruguay
544,Eusebia,Peinado,e_peinado@hotmail.com,+593-904915156,2022-01-20,Ambato,Ecuador
545,Emma,Daza,e_daza@gmail.com,+51-988010774,2023-08-20,Cusco,Peru
546,Purificacion,Amaya,p_amaya@hotmail.com,+51-958646621,2024-05-25,Lima,Peru
547,Regina,Rosello,r_rosello@hotmail.com,+591-925074182,2025-06-23,Sucre,Bolivia
548,Benita,Delgado,b_delgado@hotmail.com,+591-911087928,2024-09-02,Santa Cruz,Bolivia
549,Ligia,Raya,l_raya@outlook.com,+54-973212334,2023-03-17,Mendoza,Argentina
550,Federico,Miguel,f_miguel@gmail.com,+52-944012664,2023-03-24,Ciudad de Mexico,Mexico
551,Rebeca,Aguilar,r_aguilar@yahoo.es,+51-922366682,2024-11-21,Trujillo,Peru
552,Nelida,Narvaez,n_narvaez@gmail.com,+52-997551376,2023-11-13,Puebla,Mexico
553,Encarnacion,Galiano,e_galiano@hotmail.com,+58-985828117,2020-07-21,Barquisimeto,Venezuela
554,Lupe,Villalba,l_villalba@hotmail.com,+54-968865239,2021-09-15,Mendoza,Argentina
555,Teodosio,Rojas,t_rojas@yahoo.es,+598-904670638,2021-04-30,Salto,Uruguay
556,Ariadna,Caceres,a_caceres@hotmail.com,+54-948607028,2024-03-16,Cordoba,Argentina
557,Pelayo,Priego,p_priego@outlook.com,+58-991142166,2024-12-15,Caracas,Venezuela
558,Maria,Grande,m_grande@yahoo.es,+52-910319387,2021-06-15,Monterrey,Mexico
559,Emilio,Iriarte,e_iriarte@yahoo.es,+593-942196099,2023-01-14,Cuenca,Ecuador
560,Concha,Campos,c_campos@gmail.com,+57-998740608,2021-12-31,Bogota,Colombia
561,Tatiana,Rivera,t_rivera@yahoo.es,+591-975386435,2021-03-26,Tarija,Bolivia
562,Geraldo,Calderon,g_calderon@yahoo.es,+51-928799154,2023-02-11,Cusco,Peru
563,Oriana,Rodriguez,o_rodriguez@gmail.com,+591-918217159,2020-09-28,Cochabamba,Bolivia
564,Melisa,Bou,m_bou@yahoo.es,+591-911783073,2023-07-01,Cochabamba,Bolivia
565,Amada,Carbonell,a_carbonell@hotmail.com,+52-940259503,2021-09-05,Ciudad de Mexico,Mexico
566,Carina,Guardia,c_guardia@outlook.com,+56-916288992,2022-03-02,Concepcion,Chile
567,Aurea,Gomila,a_gomila@yahoo.es,+56-903527782,2023-12-17,Valparaiso,Chile
568,Anselmo,Cerdan,a_cerdan@hotmail.com,+593-962734149,2021-05-14,Manta,Ecuador
569,Jose Maria,Baron,j_baron@gmail.com,+58-941512297,2024-05-17,Caracas,Venezuela
570,Brunilda,Ropero,b_ropero@yahoo.es,+591-954953237,2020-09-27,Tarija,Bolivia
571,Selena,Ruano,s_ruano@gmail.com,+56-960394554,2025-02-19,Concepcion,Chile
572,Francisco Jose,Castellanos,f_castellanos@outlook.com,+593-973994695,2021-12-14,Cuenca,Ecuador
573,Fausto,Ferran,f_ferran@gmail.com,+56-916664623,2025-09-21,Antofagasta,Chile
574,Amelia,Sanchez,a_sanchez@outlook.com,+56-921738837,2023-07-13,Concepcion,Chile
575,Margarita,Baquero,m_baquero@hotmail.com,+57-910584397,2022-09-21,Cali,Colombia
576,Araceli,Exposito,a_exposito@hotmail.com,+57-916800072,2023-04-23,Cartagena,Colombia
577,Perlita,Gallego,p_gallego@gmail.com,+58-967454225,2021-10-20,Merida,Venezuela
578,Maria Teresa,Asenjo,m_asenjo@outlook.com,+58-922978158,2023-09-12,Merida,Venezuela
579,Ileana,Carnero,i_carnero@gmail.com,+58-910901547,2020-06-03,Caracas,Venezuela
580,Daniela,Blanca,d_blanca@outlook.com,+58-976790955,2024-08-01,Valencia,Venezuela
581,Rene,Valera,r_valera@yahoo.es,+58-984176528,2023-02-28,Caracas,Venezuela
582,Araceli,Leon,a_leon@outlook.com,+51-991937914,2024-06-19,Trujillo,Peru
583,Alba,Trujillo,a_trujillo@gmail.com,+51-992424149,2020-08-01,Trujillo,Peru
584,Lola,Estrada,l_estrada@yahoo.es,+56-964995086,2025-02-13,Antofagasta,Chile
585,Paco,Chamorro,p_chamorro@outlook.com,+57-941954112,2023-06-29,Cali,Colombia
586,Pepita,Arco,p_arco@outlook.com,+52-949733063,2025-09-08,Puebla,Mexico
587,Gabriela,Gallego,g_gallego@hotmail.com,+593-932445506,2025-02-21,Quito,Ecuador
588,Matilde,Lucas,m_lucas@yahoo.es,+54-933275109,2021-06-29,Rosario,Argentina
589,Albano,Marquez,a_marquez@hotmail.com,+54-951559717,2024-08-07,Buenos Aires,Argentina
590,Pascual,Gimenez,p_gimenez@hotmail.com,+57-977535841,2023-06-02,Medellin,Colombia
591,Georgina,Solano,g_solano@yahoo.es,+57-969085198,2025-02-23,Medellin,Colombia
592,Fabian,Torre,f_torre@yahoo.es,+591-903110670,2020-12-02,Santa Cruz,Bolivia
593,Amaro,Gabaldon,a_gabaldon@yahoo.es,+595-932310051,2022-04-29,San Lorenzo,Paraguay
594,Adelina,Colomer,a_colomer@gmail.com,+58-906783418,2023-01-25,Valencia,Venezuela
595,Fortunata,Rojas,f_rojas@yahoo.es,+591-938352498,2020-01-02,Tarija,Bolivia
596,Debora,Serrano,d_serrano@outlook.com,+54-935496951,2024-01-06,Mendoza,Argentina
597,Hector,Canellas,h_canellas@gmail.com,+595-953765155,2020-06-26,Ciudad del Este,Paraguay
598,Fortunata,Mancebo,f_mancebo@outlook.com,+58-948657117,2023-02-24,Merida,Venezuela
599,Manola,Olivera,m_olivera@yahoo.es,+54-973800569,2023-01-18,Mendoza,Argentina
600,Juan Pablo,Pareja,j_pareja@gmail.com,+58-917268907,2020-12-30,Merida,Venezuela
601,Matilde,Amo,m_amo@hotmail.com,+595-974870921,2024-01-05,Ciudad del Este,Paraguay
602,Norberto,Lasa,n_lasa@yahoo.es,+56-967119320,2020-05-12,Valparaiso,Chile
603,Ramiro,Priego,r_priego@outlook.com,+598-995776676,2023-08-25,Montevideo,Uruguay
604,Cristobal,Gras,c_gras@yahoo.es,+591-919990477,2025-09-10,Tarija,Bolivia
605,Maria Del Carmen,Hoz,m_hoz@hotmail.com,+56-921810655,2024-04-26,Concepcion,Chile
606,Gracia,Casas,g_casas@hotmail.com,+58-968090664,2025-08-17,Valencia,Venezuela
607,Amada,Baena,a_baena@hotmail.com,+593-963739005,2020-02-06,Ambato,Ecuador
608,Vicenta,Redondo,v_redondo@gmail.com,+52-955907088,2023-05-13,Monterrey,Mexico
609,Jose,Elias,j_elias@yahoo.es,+598-935638891,2022-06-19,Paysandu,Uruguay
610,Reina,Bilbao,r_bilbao@yahoo.es,+598-922885741,2024-03-05,Paysandu,Uruguay
611,Emperatriz,Bauza,e_bauza@gmail.com,+56-976849080,2021-02-22,Valparaiso,Chile
612,Rosalia,Rios,r_rios@yahoo.es,+57-942103092,2024-08-10,Bogota,Colombia
613,Flavia,Pozo,f_pozo@outlook.com,+56-955079923,2025-07-16,Antofagasta,Chile
614,Juanita,Chaves,j_chaves@gmail.com,+58-994727548,2021-06-17,Barquisimeto,Venezuela
615,Tamara,Barrios,t_barrios@hotmail.com,+593-988882576,2025-04-11,Guayaquil,Ecuador
616,Cornelio,Fonseca,c_fonseca@hotmail.com,+593-923244151,2025-01-24,Ambato,Ecuador
617,Maria Belen,Heredia,m_heredia@hotmail.com,+593-990713544,2022-11-16,Cuenca,Ecuador
618,Isidoro,Cuenca,i_cuenca@outlook.com,+58-933087238,2023-01-15,Barquisimeto,Venezuela
619,Candido,Torrens,c_torrens@outlook.com,+593-939945150,2023-02-25,Cuenca,Ecuador
620,Dafne,Carrion,d_carrion@hotmail.com,+57-964398125,2023-10-28,Barranquilla,Colombia
621,Onofre,Calleja,o_calleja@hotmail.com,+593-916357665,2024-03-03,Cuenca,Ecuador
622,Eva,Real,e_real@outlook.com,+595-938983895,2020-05-20,Ciudad del Este,Paraguay
623,Ignacio,Calleja,i_calleja@hotmail.com,+51-959374716,2022-10-15,Lima,Peru
624,Andrea,Llorente,a_llorente@outlook.com,+591-972286705,2022-12-14,Cochabamba,Bolivia
625,Marc,Rocha,m_rocha@outlook.com,+593-914660143,2022-08-06,Cuenca,Ecuador
626,Eloy,Moliner,e_moliner@outlook.com,+57-985623471,2022-07-10,Bogota,Colombia
627,Rosaura,Navarro,r_navarro@yahoo.es,+598-944331259,2025-03-17,Montevideo,Uruguay
628,Nazaret,Gabaldon,n_gabaldon@gmail.com,+54-973867070,2021-09-06,Cordoba,Argentina
629,Ciro,Rosa,c_rosa@yahoo.es,+595-987313825,2022-02-23,Luque,Paraguay
630,Flavia,Bermudez,f_bermudez@hotmail.com,+51-986690951,2020-07-29,Cusco,Peru
631,Tono,Vizcaino,t_vizcaino@outlook.com,+54-971826922,2020-04-30,La Plata,Argentina
632,Melania,Yuste,m_yuste@outlook.com,+56-904877451,2024-05-13,Antofagasta,Chile
633,Emperatriz,Rios,e_rios@hotmail.com,+591-905028625,2020-01-06,Cochabamba,Bolivia
634,Julian,Valbuena,j_valbuena@gmail.com,+51-944968591,2023-02-07,Piura,Peru
635,Saturnino,Tejero,s_tejero@yahoo.es,+591-918012011,2025-07-26,Tarija,Bolivia
636,Pancho,Alcaraz,p_alcaraz@outlook.com,+591-915119192,2023-08-15,Santa Cruz,Bolivia
637,Tamara,Folch,t_folch@hotmail.com,+56-996448614,2021-12-31,Antofagasta,Chile
638,Leonel,Trillo,l_trillo@hotmail.com,+598-976206305,2022-01-29,Punta del Este,Uruguay
639,Brigida,Adan,b_adan@yahoo.es,+56-957405358,2025-09-09,La Serena,Chile
640,Andrea,Miranda,a_miranda@yahoo.es,+52-989826000,2020-12-24,Ciudad de Mexico,Mexico
641,Rosa,Galan,r_galan@yahoo.es,+56-943433080,2022-09-11,Valparaiso,Chile
642,Pepita,Cazorla,p_cazorla@yahoo.es,+598-931611127,2024-12-02,Punta del Este,Uruguay
643,Felicia,Tejero,f_tejero@hotmail.com,+51-978176558,2020-01-15,Cusco,Peru
644,Raquel,Vergara,r_vergara@outlook.com,+51-908338186,2021-03-28,Cusco,Peru
645,Rosenda,Landa,r_landa@outlook.com,+591-954414096,2025-07-19,Santa Cruz,Bolivia
646,Cornelio,Catalan,c_catalan@hotmail.com,+51-949330907,2022-05-22,Lima,Peru
647,Mirta,Aliaga,m_aliaga@yahoo.es,+57-920560218,2025-01-05,Medellin,Colombia
648,Moises,Codina,m_codina@yahoo.es,+58-994212889,2025-03-11,Valencia,Venezuela
649,Debora,Casas,d_casas@outlook.com,+593-991313946,2020-10-30,Guayaquil,Ecuador
650,Pilar,Benet,p_benet@hotmail.com,+593-910482769,2021-03-03,Ambato,Ecuador
651,Amanda,Calatayud,a_calatayud@outlook.com,+598-976866717,2021-08-04,Paysandu,Uruguay
652,Chus,Gaya,c_gaya@yahoo.es,+56-915601471,2022-03-20,Concepcion,Chile
653,Jose Luis,Ortiz,j_ortiz@gmail.com,+58-968501420,2024-11-27,Barquisimeto,Venezuela
654,Fortunato,Velazquez,f_velazquez@outlook.com,+598-968886959,2024-07-27,Maldonado,Uruguay
655,Abilio,Gallo,a_gallo@gmail.com,+591-975000490,2025-02-04,Tarija,Bolivia
656,Juan Francisco,Cortina,j_cortina@yahoo.es,+51-934152669,2019-12-12,Lima,Peru
657,Fanny,Hoyos,f_hoyos@gmail.com,+57-906078694,2024-08-30,Cartagena,Colombia
658,Ofelia,Moya,o_moya@gmail.com,+52-909263592,2025-03-16,Ciudad de Mexico,Mexico
659,Cleto,Valcarcel,c_valcarcel@yahoo.es,+598-924156684,2021-06-06,Punta del Este,Uruguay
660,Isidoro,Pujadas,i_pujadas@yahoo.es,+595-960201634,2024-02-23,Ciudad del Este,Paraguay
661,Salud,Tome,s_tome@outlook.com,+595-987715861,2023-10-24,Asuncion,Paraguay
662,Narciso,Alsina,n_alsina@yahoo.es,+54-970980044,2021-05-04,Cordoba,Argentina
663,Bruno,Carrasco,b_carrasco@gmail.com,+57-940045602,2025-02-07,Bogota,Colombia
664,Violeta,Guardiola,v_guardiola@yahoo.es,+593-930824989,2022-09-08,Ambato,Ecuador
665,Carla,Pulido,c_pulido@outlook.com,+591-936997080,2022-01-10,Santa Cruz,Bolivia
666,Abigail,Vergara,a_vergara@yahoo.es,+54-982533595,2020-02-02,Buenos Aires,Argentina
667,Reinaldo,Pacheco,r_pacheco@gmail.com,+57-913542127,2020-04-15,Medellin,Colombia
668,Enrique,Ferrandez,e_ferrandez@gmail.com,+591-932847661,2020-05-29,Tarija,Bolivia
669,Virginia,Navarro,v_navarro@outlook.com,+595-972445335,2022-05-07,Luque,Paraguay
670,Dominga,Sierra,d_sierra@hotmail.com,+598-931428626,2023-06-28,Salto,Uruguay
671,Perla,Marquez,p_marquez@hotmail.com,+58-931796721,2023-04-19,Merida,Venezuela
672,Antonio,Rodenas,a_rodenas@outlook.com,+56-955507111,2023-04-13,La Serena,Chile
673,Cintia,Hernandez,c_hernandez@outlook.com,+51-984019376,2024-09-13,Lima,Peru
674,Leire,Uriarte,l_uriarte@gmail.com,+593-946226575,2024-03-09,Ambato,Ecuador
675,Regina,Perea,r_perea@yahoo.es,+593-954795619,2021-08-02,Cuenca,Ecuador
676,Angelina,Sancho,a_sancho@outlook.com,+51-972199509,2025-03-22,Trujillo,Peru
677,Leopoldo,Chico,l_chico@hotmail.com,+57-994969350,2021-07-13,Medellin,Colombia
678,Rosario,Anguita,r_anguita@yahoo.es,+591-955902739,2021-06-01,La Paz,Bolivia
679,Vera,Giron,v_giron@hotmail.com,+595-927291394,2023-08-13,Encarnacion,Paraguay
680,Marco,Pujadas,m_pujadas@hotmail.com,+54-912410307,2022-01-18,Mendoza,Argentina
681,Anselma,Cueto,a_cueto@yahoo.es,+598-990418714,2020-05-09,Punta del Este,Uruguay
682,Ingrid,Rossello,i_rossello@outlook.com,+54-964343201,2022-04-03,Cordoba,Argentina
683,Berto,Arnaiz,b_arnaiz@gmail.com,+52-928428357,2022-01-16,Monterrey,Mexico
684,Celestina,Martin,c_martin@outlook.com,+54-993365379,2022-03-16,Mendoza,Argentina
685,Dario,Trillo,d_trillo@hotmail.com,+595-937991562,2024-03-07,Encarnacion,Paraguay
686,Jose Angel,Galvez,j_galvez@hotmail.com,+591-941395738,2022-11-05,Tarija,Bolivia
687,Mohamed,Agudo,m_agudo@yahoo.es,+52-962546007,2021-01-06,Cancun,Mexico
688,Roberto,Serrano,r_serrano@outlook.com,+591-949755172,2023-06-03,Santa Cruz,Bolivia
689,Olegario,Ramirez,o_ramirez@outlook.com,+595-999489210,2021-07-19,Asuncion,Paraguay
690,Alba,Domingo,a_domingo@yahoo.es,+598-939620038,2021-08-15,Punta del Este,Uruguay
691,Candelaria,Pinedo,c_pinedo@outlook.com,+57-950981231,2022-09-01,Cali,Colombia
692,Isaac,Sanmiguel,i_sanmiguel@hotmail.com,+591-934537812,2025-05-23,Tarija,Bolivia
693,Rosalina,Gomez,r_gomez@outlook.com,+591-998351024,2023-11-11,Sucre,Bolivia
694,Jeremias,Campo,j_campo@yahoo.es,+56-924702473,2020-07-27,Valparaiso,Chile
695,Ciriaco,Conde,c_conde@gmail.com,+593-989686372,2020-06-15,Quito,Ecuador
696,Brunilda,Roma,b_roma@outlook.com,+598-984651342,2022-07-04,Maldonado,Uruguay
697,Felix,Cantero,f_cantero@gmail.com,+54-929356057,2025-08-01,Cordoba,Argentina
698,Rosendo,Paez,r_paez@gmail.com,+591-982924441,2025-05-01,Santa Cruz,Bolivia
699,Piedad,Canals,p_canals@gmail.com,+591-971432350,2024-07-10,La Paz,Bolivia
700,Vidal,Martinez,v_martinez@hotmail.com,+598-971905550,2023-02-16,Montevideo,Uruguay
701,Lorenza,Ferrandiz,l_ferrandiz@yahoo.es,+598-924060788,2021-02-10,Paysandu,Uruguay
702,Maximino,Arjona,m_arjona@outlook.com,+54-932342289,2022-01-24,La Plata,Argentina
703,Marcelo,Rozas,m_rozas@hotmail.com,+58-947572279,2022-11-28,Merida,Venezuela
704,Felicidad,Martin,f_martin@hotmail.com,+595-954496076,2025-01-22,Asuncion,Paraguay
705,Margarita,Goni,m_goni@outlook.com,+58-940261914,2020-10-25,Maracaibo,Venezuela
706,Valentin,Aguirre,v_aguirre@yahoo.es,+598-950903955,2024-02-21,Montevideo,Uruguay
707,Felicidad,Arnau,f_arnau@gmail.com,+593-985462880,2020-01-07,Ambato,Ecuador
708,Faustino,Tormo,f_tormo@yahoo.es,+56-958238367,2023-08-17,Santiago,Chile
709,Amparo,Collado,a_collado@gmail.com,+58-930838737,2022-04-13,Caracas,Venezuela
710,Esther,Ojeda,e_ojeda@hotmail.com,+58-906249441,2020-09-29,Barquisimeto,Venezuela
711,Carlos,Cabanas,c_cabanas@gmail.com,+51-924072553,2023-06-10,Piura,Peru
712,Luis Angel,Canales,l_canales@outlook.com,+598-995658504,2024-05-18,Salto,Uruguay
713,Ursula,Nebot,u_nebot@outlook.com,+54-975693188,2022-08-10,Rosario,Argentina
714,Lilia,Barrios,l_barrios@hotmail.com,+58-951518966,2021-06-25,Barquisimeto,Venezuela
715,Itziar,Gilabert,i_gilabert@hotmail.com,+54-907207013,2021-01-03,La Plata,Argentina
716,Ani,Sancho,a_sancho@gmail.com,+595-945713584,2024-05-11,Encarnacion,Paraguay
717,Isa,Estevez,i_estevez@hotmail.com,+52-960471823,2025-05-31,Ciudad de Mexico,Mexico
718,Sabina,Querol,s_querol@yahoo.es,+57-957961650,2021-12-29,Cali,Colombia
719,Teodoro,Cordero,t_cordero@gmail.com,+58-983029219,2023-03-23,Barquisimeto,Venezuela
720,Angela,Gutierrez,a_gutierrez@gmail.com,+57-935966597,2021-08-22,Bogota,Colombia
721,Herberto,Zabaleta,h_zabaleta@yahoo.es,+595-942503832,2023-12-16,Encarnacion,Paraguay
722,Edgardo,Montesinos,e_montesinos@gmail.com,+54-941374957,2024-11-24,Buenos Aires,Argentina
723,Tecla,Ramirez,t_ramirez@gmail.com,+52-917784789,2020-11-21,Monterrey,Mexico
724,Candelario,Gomez,c_gomez@yahoo.es,+56-974757265,2025-08-28,Antofagasta,Chile
725,Ruben,Roldan,r_roldan@gmail.com,+595-912028437,2023-11-18,Asuncion,Paraguay
726,Goyo,Trujillo,g_trujillo@hotmail.com,+593-951705758,2020-01-19,Quito,Ecuador
727,Ainara,Sabater,a_sabater@yahoo.es,+51-911368176,2022-08-20,Trujillo,Peru
728,Alejandro,Madrid,a_madrid@outlook.com,+58-991981555,2024-03-07,Merida,Venezuela
729,Hortensia,Agudo,h_agudo@hotmail.com,+56-940417154,2022-12-03,Valparaiso,Chile
730,Nereida,Canas,n_canas@gmail.com,+591-922442197,2024-10-14,Cochabamba,Bolivia
731,Glauco,Torralba,g_torralba@hotmail.com,+51-964992426,2020-10-10,Trujillo,Peru
732,Victorino,Caceres,v_caceres@outlook.com,+52-996757486,2025-06-21,Monterrey,Mexico
733,Valentin,Ayllon,v_ayllon@outlook.com,+58-961453148,2021-02-10,Merida,Venezuela
734,Emigdio,Arnal,e_arnal@gmail.com,+56-953108878,2023-08-21,Concepcion,Chile
735,Gisela,Estrada,g_estrada@hotmail.com,+58-959085720,2023-09-01,Barquisimeto,Venezuela
736,Mohamed,Soto,m_soto@outlook.com,+595-940323741,2023-07-05,San Lorenzo,Paraguay
737,Tania,Llorente,t_llorente@yahoo.es,+58-942168966,2021-11-26,Maracaibo,Venezuela
738,Wilfredo,Coronado,w_coronado@hotmail.com,+595-998633167,2025-06-02,Ciudad del Este,Paraguay
739,Candelario,Ricart,c_ricart@hotmail.com,+58-950473288,2023-01-21,Maracaibo,Venezuela
740,Leire,Villa,l_villa@gmail.com,+595-975678734,2022-02-25,Ciudad del Este,Paraguay
741,Iker,Huerta,i_huerta@outlook.com,+58-991497920,2020-03-19,Merida,Venezuela
742,Lucho,Camacho,l_camacho@yahoo.es,+591-939101812,2020-09-08,Cochabamba,Bolivia
743,Alma,Giner,a_giner@outlook.com,+595-985004924,2023-04-23,Luque,Paraguay
744,Selena,Rosales,s_rosales@outlook.com,+57-995997403,2024-08-28,Cali,Colombia
745,Reyes,Iglesias,r_iglesias@yahoo.es,+595-980253323,2025-04-14,Asuncion,Paraguay
746,Balduino,Moran,b_moran@yahoo.es,+58-972966824,2020-04-28,Barquisimeto,Venezuela
747,Paola,Calatayud,p_calatayud@gmail.com,+52-914679315,2022-09-11,Cancun,Mexico
748,Carlota,Valenciano,c_valenciano@gmail.com,+52-975594147,2024-05-23,Guadalajara,Mexico
749,Albino,Figueroa,a_figueroa@gmail.com,+52-901415698,2021-01-06,Puebla,Mexico
750,Amanda,Maestre,a_maestre@outlook.com,+51-959831384,2024-02-09,Arequipa,Peru
751,Aitor,Rivas,a_rivas@outlook.com,+595-946300738,2020-03-09,Luque,Paraguay
752,Ofelia,Baro,o_baro@hotmail.com,+591-955831276,2020-11-15,La Paz,Bolivia
753,Panfilo,Pinilla,p_pinilla@hotmail.com,+54-941861213,2023-10-05,Cordoba,Argentina
754,Jacinto,Soriano,j_soriano@yahoo.es,+591-946748074,2025-04-02,Cochabamba,Bolivia
755,Merche,Anguita,m_anguita@yahoo.es,+54-942803305,2020-08-31,Mendoza,Argentina
756,Chita,Ribas,c_ribas@gmail.com,+51-903031322,2023-10-05,Lima,Peru
757,Maria Luisa,Marin,m_marin@outlook.com,+54-969255529,2021-11-13,Cordoba,Argentina
758,Leyre,Castello,l_castello@hotmail.com,+593-975141654,2024-09-10,Guayaquil,Ecuador
759,Apolonia,Zabaleta,a_zabaleta@yahoo.es,+591-984524999,2021-12-24,Cochabamba,Bolivia
760,Abraham,Nevado,a_nevado@yahoo.es,+56-903918120,2022-02-15,Antofagasta,Chile
761,Gil,Sebastian,g_sebastian@yahoo.es,+591-952188655,2019-12-18,Tarija,Bolivia
762,Ambar,Martinez,a_martinez@hotmail.com,+57-994457033,2020-08-12,Medellin,Colombia
763,Itziar,Cerezo,i_cerezo@outlook.com,+58-949095909,2023-07-27,Caracas,Venezuela
764,Sonia,Bellido,s_bellido@gmail.com,+57-935212476,2025-05-26,Barranquilla,Colombia
765,Gonzalo,Rocha,g_rocha@yahoo.es,+593-982048427,2024-04-24,Cuenca,Ecuador
766,Teofila,Guzman,t_guzman@hotmail.com,+58-947242616,2025-01-17,Caracas,Venezuela
767,Borja,Gutierrez,b_gutierrez@hotmail.com,+58-982474715,2020-11-11,Maracaibo,Venezuela
768,Maite,Pujadas,m_pujadas@gmail.com,+56-932020689,2023-05-03,Concepcion,Chile
769,Flavia,Sabater,f_sabater@hotmail.com,+54-993071477,2021-07-01,Cordoba,Argentina
770,Porfirio,Borras,p_borras@yahoo.es,+593-980050918,2021-06-16,Ambato,Ecuador
771,Josep,Salazar,j_salazar@yahoo.es,+58-924931439,2025-05-15,Barquisimeto,Venezuela
772,Brigida,Zabala,b_zabala@outlook.com,+593-965718640,2023-02-25,Guayaquil,Ecuador
773,Nicanor,Fernandez,n_fernandez@hotmail.com,+56-960532325,2020-07-06,Valparaiso,Chile
774,Jose Ignacio,Coll,j_coll@yahoo.es,+52-918325379,2022-02-06,Ciudad de Mexico,Mexico
775,Marcio,Cadenas,m_cadenas@yahoo.es,+595-954913082,2025-06-05,San Lorenzo,Paraguay
776,Jessica,Cabrero,j_cabrero@yahoo.es,+595-922448383,2020-11-02,Luque,Paraguay
777,Jose Manuel,Fonseca,j_fonseca@outlook.com,+58-939203644,2020-04-11,Caracas,Venezuela
778,Camila,Almazan,c_almazan@hotmail.com,+51-922576626,2025-01-15,Arequipa,Peru
779,Feliciana,Pizarro,f_pizarro@gmail.com,+58-976868379,2021-03-11,Barquisimeto,Venezuela
780,Maria Teresa,Cuellar,m_cuellar@hotmail.com,+51-972751830,2020-05-18,Piura,Peru
781,Apolonia,Sanz,a_sanz@outlook.com,+591-957063296,2021-01-22,Tarija,Bolivia
782,Concha,Melero,c_melero@gmail.com,+57-960362053,2022-11-10,Cali,Colombia
783,Ignacio,Monreal,i_monreal@yahoo.es,+52-915755285,2022-07-27,Ciudad de Mexico,Mexico
784,Valero,Novoa,v_novoa@hotmail.com,+57-995395781,2024-09-17,Cartagena,Colombia
785,Baudelio,Cabrera,b_cabrera@outlook.com,+56-927732020,2022-03-26,La Serena,Chile
786,Vicente,Palacios,v_palacios@hotmail.com,+598-971441519,2023-01-24,Paysandu,Uruguay
787,Azahara,Valderrama,a_valderrama@outlook.com,+58-943440052,2023-03-12,Merida,Venezuela
788,Patricia,Ferrandez,p_ferrandez@hotmail.com,+51-969043610,2020-12-24,Piura,Peru
789,Sebastian,Canas,s_canas@gmail.com,+56-937221734,2021-05-02,Antofagasta,Chile
790,Remedios,Vidal,r_vidal@outlook.com,+56-995481800,2023-07-11,Valparaiso,Chile
791,Pastora,Vilar,p_vilar@yahoo.es,+57-919081953,2022-12-04,Barranquilla,Colombia
792,Marco,Otero,m_otero@yahoo.es,+595-910135622,2020-12-15,Luque,Paraguay
793,Dan,Arrieta,d_arrieta@hotmail.com,+595-993241540,2024-01-19,San Lorenzo,Paraguay
794,Juan,Gilabert,j_gilabert@hotmail.com,+591-978108751,2019-12-10,Sucre,Bolivia
795,Sara,Talavera,s_talavera@hotmail.com,+54-908500100,2024-05-16,Mendoza,Argentina
796,Pelayo,Calleja,p_calleja@outlook.com,+57-966399516,2022-12-03,Barranquilla,Colombia
797,Ursula,Torralba,u_torralba@hotmail.com,+52-973458776,2021-05-17,Monterrey,Mexico
798,Julian,Cabezas,j_cabezas@hotmail.com,+58-991610568,2020-06-15,Barquisimeto,Venezuela
799,Amancio,Torrijos,a_torrijos@yahoo.es,+598-902185246,2021-04-21,Montevideo,Uruguay
800,Dolores,Rios,d_rios@yahoo.es,+56-900090721,2024-09-16,Antofagasta,Chile
